{"cameraMode":{"drawMode":0,"name":"Shaded","section":"Shading Mode"},"sceneLighting":true,"audioPlay":false,"sceneViewState":{"showFog":true,"showMaterialUpdate":false,"showSkybox":true,"showFlares":true,"showImageEffects":true,"showParticleSystems":true},"in2DMode":false,"pivot":{"x":1.0964393615722657,"y":0.27081871032714846,"z":-1.091409683227539},"rotation":{"x":0.10511182993650437,"y":0.7676389217376709,"z":-0.13043470680713654,"w":0.6186056733131409},"size":10.850785255432129,"orthographic":false}